protein	gene
A0JNW5	BLTP3B
A0MZ66	SHTN1
A1A4S6	ARHGAP10
A1L390	PLEKHG3
A1L3X0	ELOVL7
A2A288	ZC3H12D
A2RTX5	TARS3
A2RU30	TESPA1
A2VDJ0	TMEM131L
A3KMH1	VWA8
A3KN83	SBNO1
A4D1B5	GSAP
A4D1E9	GTPBP10
A4D1U4	DENND11
A5PLN9	TRAPPC13
A6NDU8	RIMOC1
A6NFQ2	TCAF2
A6NI79	CCDC69
A6NIH7	UNC119B
A6NK58	LIPT2
A6QL63	ABTB3
A7E2V4	ZSWIM8
A8CG34	POM121C
A8MTT3	CEBPZOS
A8MXV4	NUDT19
A9UHW6	MIF4GD
B0I1T2	MYO1G
B2RUZ4	SMIM1
L0R819	ASDURF
O00115	DNASE2
O00142	TK2
O00154	ACOT7
O00182	LGALS9
O00186	STXBP3
O00189	AP4M1
O00193	SMAP
O00203	AP3B1
O00257	CBX4
O00258	GET1
O00268	TAF4
O00273	DFFA
O00287	RFXAP
O00291	HIP1
O00391	QSOX1
O00425	IGF2BP3
O00429	DNM1L
O00442	RTCA
O00443	PIK3C2A
O00459	PIK3R2
O00462	MANBA
O00471	EXOC5
O00479	HMGN4
O00481	BTN3A1
O00488	ZNF593
O00501	CLDN5
O00584	RNASET2
O00754	MAN2B1
O14773	TPP1
O14964	HGS
O15118	NPC1
O43488	AKR7A2
O43567	RNF13
O43865	AHCYL1
O75629	CREG1
O75828	CBR3
O75955	FLOT1
Q9BQS8	FYCO1
